trade_id,ticker,name,entry_date,entry_price,exit_date,exit_price,holding_days,return,status
296,001120,LX인터내셔널,2020-06-30,15550.0,2020-07-31,15100.0,31,-0.02893890675241162,CLOSED
297,001440,대한전선,2020-06-30,5777.0,2020-07-31,6922.0,31,0.198199757659685,CLOSED
298,003230,삼양식품,2020-06-30,126000.0,2020-07-31,119000.0,31,-0.05555555555555558,CLOSED
299,011070,LG이노텍,2020-06-30,174500.0,2020-07-31,161000.0,31,-0.07736389684813749,CLOSED
300,017960,한국카본,2020-06-30,7510.0,2020-07-31,8340.0,31,0.11051930758988027,CLOSED
301,042660,한화오션,2020-06-30,24031.0,2020-07-31,21011.0,31,-0.12567100828097044,CLOSED
302,060370,LS마린솔루션,2020-06-30,3602.0,2020-07-31,4160.0,31,0.1549139367018324,CLOSED
303,064260,다날,2020-06-30,3625.0,2020-07-31,3810.0,31,0.05103448275862066,CLOSED
304,064350,현대로템,2020-06-30,15350.0,2020-07-31,18050.0,31,0.17589576547231278,CLOSED
305,097230,HJ중공업,2020-06-30,5820.0,2020-07-31,6610.0,31,0.13573883161512024,CLOSED
306,007660,이수페타시스,2020-07-31,3706.0,2020-08-31,4645.0,31,0.25337290879654617,CLOSED
307,009150,삼성전기,2020-07-31,140500.0,2020-08-31,124500.0,31,-0.11387900355871883,CLOSED
308,010140,삼성중공업,2020-06-30,5616.0,2020-08-31,4870.0,62,-0.13283475783475784,CLOSED
309,011200,HMM,2020-06-30,4685.0,2020-08-31,5760.0,62,0.22945570971184637,CLOSED
310,011790,SKC,2020-06-30,61000.0,2020-08-31,92500.0,62,0.5163934426229508,CLOSED
311,020150,롯데에너지머티리얼즈,2020-06-30,49600.0,2020-08-31,49850.0,62,0.00504032258064524,CLOSED
312,026960,동서,2020-07-31,21600.0,2020-08-31,25550.0,31,0.18287037037037046,CLOSED
313,034730,SK,2020-06-30,291000.0,2020-08-31,214000.0,62,-0.2646048109965635,CLOSED
314,065350,신성델타테크,2020-06-30,3520.0,2020-08-31,3360.0,62,-0.045454545454545414,CLOSED
315,079550,LIG넥스원,2020-06-30,30000.0,2020-08-31,31200.0,62,0.040000000000000036,CLOSED
316,082740,한화엔진,2020-06-30,3844.0,2020-08-31,3856.0,62,0.003121748178980255,CLOSED
317,084370,유진테크,2020-06-30,27300.0,2020-08-31,27250.0,62,-0.001831501831501825,CLOSED
318,096770,SK이노베이션,2020-06-30,128897.0,2020-08-31,142673.0,62,0.10687603280138402,CLOSED
319,000100,유한양행,2020-08-31,56174.0,2020-09-29,53828.0,29,-0.041763093245985705,CLOSED
320,000880,한화,2020-06-30,22150.0,2020-09-29,25150.0,91,0.13544018058690743,CLOSED
321,000990,DB하이텍,2020-07-31,34100.0,2020-09-29,37500.0,60,0.0997067448680351,CLOSED
322,003550,LG,2020-08-31,78124.0,2020-09-29,70000.0,29,-0.1039885310531975,CLOSED
323,003670,포스코퓨처엠,2020-06-30,68326.0,2020-09-29,76241.0,91,0.11584170008488726,CLOSED
324,004020,현대제철,2020-08-31,25100.0,2020-09-29,24600.0,29,-0.019920318725099584,CLOSED
325,004370,농심,2020-07-31,369000.0,2020-09-29,314000.0,60,-0.14905149051490518,CLOSED
326,006260,LS,2020-08-31,45250.0,2020-09-29,52500.0,29,0.16022099447513805,CLOSED
327,006280,녹십자,2020-07-31,227000.0,2020-09-29,221500.0,60,-0.024229074889867808,CLOSED
328,006400,삼성SDI,2020-06-30,355878.0,2020-09-29,424410.0,91,0.19257161161971248,CLOSED
329,008930,한미사이언스,2020-07-31,39866.0,2020-09-29,55547.0,60,0.3933426980384287,CLOSED
330,009420,한올바이오파마,2020-08-31,34550.0,2020-09-29,34000.0,29,-0.01591895803183796,CLOSED
331,009830,한화솔루션,2020-06-30,23279.0,2020-09-29,46498.0,91,0.997422569698011,CLOSED
332,014680,한솔케미칼,2020-06-30,127000.0,2020-09-29,149500.0,91,0.17716535433070857,CLOSED
333,018670,SK가스,2020-08-31,94200.0,2020-09-29,97300.0,29,0.03290870488322728,CLOSED
334,018880,한온시스템,2020-08-31,11991.0,2020-09-29,11479.0,29,-0.04269869068468013,CLOSED
335,021240,코웨이,2020-07-31,76700.0,2020-09-29,79300.0,60,0.03389830508474567,CLOSED
336,034020,두산에너빌리티,2020-07-31,9309.0,2020-09-29,11792.0,60,0.2667311204210978,CLOSED
337,064260,다날,2020-08-31,5180.0,2020-09-29,4950.0,29,-0.044401544401544424,CLOSED
338,066570,LG전자,2020-07-31,70700.0,2020-09-29,91700.0,60,0.29702970297029707,CLOSED
339,086280,현대글로비스,2020-08-31,72778.0,2020-09-29,72028.0,29,-0.010305312044848747,CLOSED
340,095660,네오위즈,2020-06-30,27700.0,2020-09-29,25700.0,91,-0.07220216606498198,CLOSED
341,097950,CJ제일제당,2020-06-30,326000.0,2020-09-29,395000.0,91,0.21165644171779152,CLOSED
342,112610,씨에스윈드,2020-06-30,19929.0,2020-09-29,47022.0,91,1.359476140298058,CLOSED
343,128940,한미약품,2020-08-31,284431.0,2020-09-29,253806.0,29,-0.10767110476706121,CLOSED
344,131290,티에스이,2020-06-30,26500.0,2020-09-29,34100.0,91,0.2867924528301886,CLOSED
345,161390,한국타이어앤테크놀로지,2020-08-31,29500.0,2020-09-29,31500.0,29,0.06779661016949157,CLOSED
346,192820,코스맥스,2020-08-31,99984.0,2020-09-29,113708.0,29,0.13726196191390616,CLOSED
347,204320,HL만도,2020-08-31,31400.0,2020-09-29,35650.0,29,0.1353503184713376,CLOSED
348,298040,효성중공업,2020-06-30,28900.0,2020-09-29,56500.0,91,0.9550173010380623,CLOSED
349,001120,LX인터내셔널,2020-11-30,19100.0,2020-12-30,24700.0,30,0.293193717277487,CLOSED
350,004170,신세계,2020-11-30,230500.0,2020-12-30,239500.0,30,0.0390455531453362,CLOSED
351,004800,효성,2020-11-30,61858.0,2020-12-30,58853.0,30,-0.04857900352420064,CLOSED
352,004990,롯데지주,2020-11-30,35400.0,2020-12-30,35300.0,30,-0.0028248587570621764,CLOSED
353,005850,에스엘,2020-11-30,16500.0,2020-12-30,16250.0,30,-0.015151515151515138,CLOSED
354,006260,LS,2020-11-30,63200.0,2020-12-30,71400.0,30,0.129746835443038,CLOSED
355,006280,녹십자,2020-11-30,357500.0,2020-12-30,406000.0,30,0.13566433566433567,CLOSED
356,008930,한미사이언스,2020-11-30,66411.0,2020-12-30,73292.0,30,0.10361235337519381,CLOSED
357,009540,HD한국조선해양,2020-11-30,103000.0,2020-12-30,108500.0,30,0.05339805825242716,CLOSED
358,009830,한화솔루션,2020-11-30,57745.0,2020-12-30,57926.0,30,0.003134470516927834,CLOSED
359,010140,삼성중공업,2020-11-30,6447.0,2020-12-30,6645.0,30,0.030711959050721216,CLOSED
360,011210,현대위아,2020-11-30,47100.0,2020-12-30,53500.0,30,0.13588110403397025,CLOSED
361,017960,한국카본,2020-11-30,13150.0,2020-12-30,13450.0,30,0.02281368821292773,CLOSED
362,018880,한온시스템,2020-11-30,13989.0,2020-12-30,15105.0,30,0.0797769676174136,CLOSED
363,022100,포스코DX,2020-11-30,7050.0,2020-12-30,7750.0,30,0.09929078014184389,CLOSED
364,034230,파라다이스,2020-11-30,14800.0,2020-12-30,15300.0,30,0.03378378378378377,CLOSED
365,069960,현대백화점,2020-11-30,70900.0,2020-12-30,71400.0,30,0.007052186177715081,CLOSED
366,081660,미스토홀딩스,2020-11-30,41300.0,2020-12-30,43700.0,30,0.05811138014527839,CLOSED
367,082740,한화엔진,2020-11-30,5342.0,2020-12-30,6590.0,30,0.2336203669037813,CLOSED
368,086280,현대글로비스,2020-11-30,89035.0,2020-12-30,92036.0,30,0.033705846015611884,CLOSED
369,097230,HJ중공업,2020-11-30,8780.0,2020-12-30,7320.0,30,-0.16628701594533024,CLOSED
370,103590,일진전기,2020-11-30,3072.0,2020-12-30,2996.0,30,-0.02473958333333337,CLOSED
371,112610,씨에스윈드,2020-11-30,60735.0,2020-12-30,88552.0,30,0.45800609203918663,CLOSED
372,128940,한미약품,2020-11-30,332686.0,2020-12-30,346409.0,30,0.04124910576339258,CLOSED
373,131290,티에스이,2020-11-30,55500.0,2020-12-30,62700.0,30,0.12972972972972974,CLOSED
374,139480,이마트,2020-11-30,154000.0,2020-12-30,151500.0,30,-0.016233766233766267,CLOSED
375,204320,HL만도,2020-11-30,48500.0,2020-12-30,58800.0,30,0.21237113402061847,CLOSED
376,298020,효성티앤씨,2020-11-30,184500.0,2020-12-30,211000.0,30,0.14363143631436315,CLOSED
377,298040,효성중공업,2020-11-30,62000.0,2020-12-30,62200.0,30,0.003225806451612856,CLOSED
378,307950,현대오토에버,2020-11-30,80400.0,2020-12-30,123500.0,30,0.5360696517412935,CLOSED
379,000990,DB하이텍,2021-03-31,56300.0,2021-04-30,55300.0,30,-0.017761989342806372,CLOSED
380,003670,포스코퓨처엠,2021-03-31,150243.0,2021-04-30,144428.0,30,-0.038703966241355636,CLOSED
381,005440,현대지에프홀딩스,2021-03-31,6948.0,2021-04-30,6408.0,30,-0.07772020725388606,CLOSED
382,005850,에스엘,2021-03-31,22300.0,2021-04-30,22650.0,30,0.015695067264573925,CLOSED
383,006040,동원산업,2021-03-31,46739.0,2021-04-30,49103.0,30,0.05057874580115107,CLOSED
384,006400,삼성SDI,2021-03-31,646161.0,2021-04-30,640287.0,30,-0.009090613639634704,CLOSED
385,011070,LG이노텍,2021-03-31,205500.0,2021-04-30,201000.0,30,-0.021897810218978075,CLOSED
386,011780,금호석유화학,2021-03-31,265000.0,2021-04-30,260000.0,30,-0.018867924528301883,CLOSED
387,012450,한화에어로스페이스,2021-03-31,41662.0,2021-04-30,39320.0,30,-0.05621429600115213,CLOSED
388,023590,다우기술,2021-03-31,27050.0,2021-04-30,26600.0,30,-0.01663585951940849,CLOSED
389,047810,한국항공우주,2021-03-31,36750.0,2021-04-30,32600.0,30,-0.11292517006802716,CLOSED
390,065350,신성델타테크,2021-03-31,8590.0,2021-04-30,9840.0,30,0.1455180442374855,CLOSED
391,066570,LG전자,2021-03-31,150000.0,2021-04-30,157500.0,30,0.050000000000000044,CLOSED
392,079550,LIG넥스원,2021-03-31,40150.0,2021-04-30,39600.0,30,-0.013698630136986356,CLOSED
393,000720,현대건설,2021-04-30,49038.0,2021-05-31,55849.0,31,0.13889228761368733,CLOSED
394,001120,LX인터내셔널,2021-03-31,31900.0,2021-05-31,31000.0,61,-0.028213166144200663,CLOSED
395,007660,이수페타시스,2021-04-30,3472.0,2021-05-31,3053.0,31,-0.12067972350230416,CLOSED
396,009540,HD한국조선해양,2021-04-30,153500.0,2021-05-31,142500.0,31,-0.07166123778501632,CLOSED
397,014680,한솔케미칼,2021-03-31,241000.0,2021-05-31,249000.0,61,0.03319502074688807,CLOSED
398,023530,롯데쇼핑,2021-04-30,124000.0,2021-05-31,121500.0,31,-0.020161290322580627,CLOSED
399,052400,코나아이,2021-03-31,42200.0,2021-05-31,43900.0,61,0.04028436018957349,CLOSED
400,064260,다날,2021-03-31,8500.0,2021-05-31,6940.0,61,-0.18352941176470583,CLOSED
401,069960,현대백화점,2021-03-31,90700.0,2021-05-31,93100.0,61,0.026460859977949225,CLOSED
402,103140,풍산,2021-03-31,33500.0,2021-05-31,40200.0,61,0.19999999999999996,CLOSED
403,111770,영원무역,2021-03-31,40000.0,2021-05-31,47300.0,61,0.1825000000000001,CLOSED
404,120110,코오롱인더,2021-04-30,60500.0,2021-05-31,62300.0,31,0.02975206611570247,CLOSED
405,241560,두산밥캣,2021-04-30,45650.0,2021-05-31,51300.0,31,0.12376779846659369,CLOSED
406,267260,HD현대일렉트릭,2021-04-30,22050.0,2021-05-31,21900.0,31,-0.006802721088435382,CLOSED
407,005440,현대지에프홀딩스,2021-05-31,7442.0,2021-06-30,7080.0,30,-0.048642837946788475,CLOSED
408,006040,동원산업,2021-05-31,53740.0,2021-06-30,47830.0,30,-0.1099739486416077,CLOSED
409,009970,영원무역홀딩스,2021-03-31,43300.0,2021-06-30,48300.0,91,0.11547344110854496,CLOSED
410,079550,LIG넥스원,2021-05-31,44250.0,2021-06-30,42450.0,30,-0.04067796610169494,CLOSED
411,082740,한화엔진,2021-03-31,7343.0,2021-06-30,7491.0,91,0.020155249897861882,CLOSED
412,084370,유진테크,2021-03-31,44550.0,2021-06-30,45300.0,91,0.01683501683501687,CLOSED
413,097950,CJ제일제당,2021-05-31,488500.0,2021-06-30,461000.0,30,-0.05629477993858756,CLOSED
414,131290,티에스이,2021-05-31,63800.0,2021-06-30,58600.0,30,-0.08150470219435735,CLOSED
415,192820,코스맥스,2021-03-31,119589.0,2021-06-30,131000.0,91,0.09541847494334754,CLOSED
416,001440,대한전선,2021-05-31,17586.0,2021-07-30,22428.0,60,0.27533265097236437,CLOSED
417,002380,KCC,2021-03-31,237500.0,2021-07-30,355000.0,121,0.49473684210526314,CLOSED
418,003550,LG,2021-04-30,119500.0,2021-07-30,94200.0,91,-0.21171548117154815,CLOSED
419,004990,롯데지주,2021-05-31,41000.0,2021-07-30,37750.0,60,-0.07926829268292679,CLOSED
420,005850,에스엘,2021-05-31,33200.0,2021-07-30,33000.0,60,-0.0060240963855421326,CLOSED
421,007660,이수페타시스,2021-06-30,3589.0,2021-07-30,3221.0,30,-0.10253552521593756,CLOSED
422,008930,한미사이언스,2021-06-30,73677.0,2021-07-30,69054.0,30,-0.06274685451362028,CLOSED
423,011200,HMM,2021-03-31,29000.0,2021-07-30,40000.0,121,0.3793103448275863,CLOSED
424,011790,SKC,2021-06-30,158500.0,2021-07-30,161500.0,30,0.018927444794952786,CLOSED
425,012450,한화에어로스페이스,2021-05-31,47672.0,2021-07-30,52766.0,60,0.10685517704312808,CLOSED
426,017670,SK텔레콤,2021-04-30,52365.0,2021-07-30,51933.0,91,-0.008249785161844714,CLOSED
427,017800,현대엘리베이터,2021-06-30,53100.0,2021-07-30,54000.0,30,0.016949152542372836,CLOSED
428,021240,코웨이,2021-05-31,83200.0,2021-07-30,85800.0,60,0.03125,CLOSED
429,022100,포스코DX,2021-06-30,8560.0,2021-07-30,7930.0,30,-0.07359813084112155,CLOSED
430,028050,삼성E&A,2021-05-31,18900.0,2021-07-30,23350.0,60,0.23544973544973535,CLOSED
431,028670,팬오션,2021-03-31,6170.0,2021-07-30,7550.0,121,0.22366288492706654,CLOSED
432,030200,KT,2021-04-30,28350.0,2021-07-30,33800.0,91,0.1922398589065255,CLOSED
433,032640,LG유플러스,2021-05-31,15100.0,2021-07-30,14550.0,60,-0.03642384105960261,CLOSED
434,034020,두산에너빌리티,2021-06-30,23020.0,2021-07-30,20993.0,30,-0.08805386620330147,CLOSED
435,042700,한미반도체,2021-03-31,12200.0,2021-07-30,18325.0,121,0.5020491803278688,CLOSED
436,047040,대우건설,2021-04-30,7390.0,2021-07-30,7450.0,91,0.008119079837618504,CLOSED
437,051600,한전KPS,2021-04-30,33950.0,2021-07-30,42650.0,91,0.25625920471281294,CLOSED
438,064350,현대로템,2021-06-30,24250.0,2021-07-30,24850.0,30,0.024742268041237025,CLOSED
439,065350,신성델타테크,2021-05-31,11750.0,2021-07-30,16200.0,60,0.37872340425531914,CLOSED
440,066970,엘앤에프,2021-04-30,87329.0,2021-07-30,107300.0,91,0.22868691957997922,CLOSED
441,097230,HJ중공업,2021-04-30,8700.0,2021-07-30,7990.0,91,-0.08160919540229883,CLOSED
442,103140,풍산,2021-06-30,38150.0,2021-07-30,38550.0,30,0.010484927916120546,CLOSED
443,103590,일진전기,2021-03-31,3620.0,2021-07-30,6116.0,121,0.6895027624309393,CLOSED
444,282330,BGF리테일,2021-05-31,181500.0,2021-07-30,161500.0,60,-0.11019283746556474,CLOSED
445,307950,현대오토에버,2021-06-30,135500.0,2021-07-30,128000.0,30,-0.05535055350553508,CLOSED
446,000990,DB하이텍,2022-03-31,74900.0,2022-04-29,67700.0,29,-0.09612817089452608,CLOSED
447,001120,LX인터내셔널,2022-03-31,34450.0,2022-04-29,38450.0,29,0.11611030478954998,CLOSED
448,001440,대한전선,2022-03-31,16805.0,2022-04-29,16442.0,29,-0.02160071407319253,CLOSED
449,003490,대한항공,2022-03-31,30200.0,2022-04-29,30150.0,29,-0.0016556291390728006,CLOSED
450,004170,신세계,2022-03-31,256500.0,2022-04-29,248500.0,29,-0.031189083820662766,CLOSED
451,004990,롯데지주,2022-03-31,32400.0,2022-04-29,34250.0,29,0.057098765432098686,CLOSED
452,006040,동원산업,2022-03-31,45829.0,2022-04-29,45375.0,29,-0.009906391149708704,CLOSED
453,007340,DN오토모티브,2022-03-31,14140.0,2022-04-29,15622.0,29,0.10480905233380478,CLOSED
454,008770,호텔신라,2022-03-31,81200.0,2022-04-29,81200.0,29,0.0,CLOSED
455,009970,영원무역홀딩스,2022-03-31,53500.0,2022-04-29,51300.0,29,-0.04112149532710285,CLOSED
456,010130,고려아연,2022-03-31,585000.0,2022-04-29,576000.0,29,-0.01538461538461533,CLOSED
457,010950,S-Oil,2022-03-31,96700.0,2022-04-29,103500.0,29,0.0703205791106516,CLOSED
458,011070,LG이노텍,2022-03-31,387000.0,2022-04-29,349000.0,29,-0.09819121447028423,CLOSED
459,011200,HMM,2022-03-31,29150.0,2022-04-29,28400.0,29,-0.02572898799313894,CLOSED
460,020560,아시아나항공,2022-03-31,21850.0,2022-04-29,20250.0,29,-0.07322654462242562,CLOSED
461,028050,삼성E&A,2022-03-31,26200.0,2022-04-29,26000.0,29,-0.007633587786259555,CLOSED
462,028670,팬오션,2022-03-31,6990.0,2022-04-29,6660.0,29,-0.047210300429184504,CLOSED
463,035250,강원랜드,2022-03-31,27850.0,2022-04-29,26800.0,29,-0.037701974865350096,CLOSED
464,066970,엘앤에프,2022-03-31,225800.0,2022-04-29,219300.0,29,-0.028786536758193093,CLOSED
465,069620,대웅제약,2022-03-31,164000.0,2022-04-29,183000.0,29,0.11585365853658547,CLOSED
466,078930,GS,2022-03-31,43900.0,2022-04-29,43700.0,29,-0.004555808656036442,CLOSED
467,079550,LIG넥스원,2022-03-31,71900.0,2022-04-29,82100.0,29,0.1418636995827538,CLOSED
468,086280,현대글로비스,2022-03-31,96288.0,2022-04-29,104541.0,29,0.08571161515453629,CLOSED
469,103140,풍산,2022-03-31,33200.0,2022-04-29,32000.0,29,-0.03614457831325302,CLOSED
470,103590,일진전기,2022-03-31,5322.0,2022-04-29,5322.0,29,0.0,CLOSED
471,111770,영원무역,2022-03-31,47600.0,2022-04-29,48000.0,29,0.008403361344537785,CLOSED
472,128940,한미약품,2022-03-31,264013.0,2022-04-29,300628.0,29,0.13868635256597206,CLOSED
473,161890,한국콜마,2022-03-31,43500.0,2022-04-29,47000.0,29,0.08045977011494254,CLOSED
474,282330,BGF리테일,2022-03-31,174500.0,2022-04-29,181000.0,29,0.0372492836676217,CLOSED
475,353200,대덕전자,2022-03-31,28400.0,2022-04-29,30600.0,29,0.07746478873239426,CLOSED
476,000270,기아,2022-08-31,80800.0,2022-09-30,71900.0,30,-0.11014851485148514,CLOSED
477,001120,LX인터내셔널,2022-08-31,43250.0,2022-09-30,38900.0,30,-0.10057803468208093,CLOSED
478,001430,세아베스틸지주,2022-08-31,18650.0,2022-09-30,16250.0,30,-0.12868632707774796,CLOSED
479,003570,SNT다이내믹스,2022-08-31,11350.0,2022-09-30,9260.0,30,-0.1841409691629956,CLOSED
480,003670,포스코퓨처엠,2022-08-31,162845.0,2022-09-30,145397.0,30,-0.10714483097423932,CLOSED
481,005850,에스엘,2022-08-31,38450.0,2022-09-30,32300.0,30,-0.15994798439531854,CLOSED
482,006260,LS,2022-08-31,67100.0,2022-09-30,56700.0,30,-0.1549925484351714,CLOSED
483,006400,삼성SDI,2022-08-31,585461.0,2022-09-30,534552.0,30,-0.08695540778975885,CLOSED
484,009420,한올바이오파마,2022-08-31,17550.0,2022-09-30,13300.0,30,-0.24216524216524216,CLOSED
485,009830,한화솔루션,2022-08-31,65624.0,2022-09-30,58887.0,30,-0.10266061197123,CLOSED
486,010130,고려아연,2022-08-31,672000.0,2022-09-30,595000.0,30,-0.11458333333333337,CLOSED
487,012450,한화에어로스페이스,2022-08-31,82918.0,2022-09-30,62646.0,30,-0.244482500783907,CLOSED
488,035250,강원랜드,2022-08-31,26550.0,2022-09-30,23550.0,30,-0.11299435028248583,CLOSED
489,036460,한국가스공사,2022-08-31,43500.0,2022-09-30,33800.0,30,-0.22298850574712648,CLOSED
490,047050,포스코인터내셔널,2022-08-31,26850.0,2022-09-30,20900.0,30,-0.22160148975791438,CLOSED
491,051910,LG화학,2022-08-31,632000.0,2022-09-30,536000.0,30,-0.15189873417721522,CLOSED
492,069620,대웅제약,2022-08-31,175500.0,2022-09-30,158000.0,30,-0.09971509971509973,CLOSED
493,078930,GS,2022-08-31,46050.0,2022-09-30,41700.0,30,-0.09446254071661242,CLOSED
494,079550,LIG넥스원,2022-08-31,106000.0,2022-09-30,90300.0,30,-0.14811320754716983,CLOSED
495,081660,미스토홀딩스,2022-08-31,31200.0,2022-09-30,31300.0,30,0.0032051282051281937,CLOSED
496,103140,풍산,2022-08-31,31050.0,2022-09-30,24300.0,30,-0.21739130434782605,CLOSED
497,111770,영원무역,2022-08-31,44600.0,2022-09-30,44600.0,30,0.0,CLOSED
498,112610,씨에스윈드,2022-08-31,68700.0,2022-09-30,60700.0,30,-0.11644832605531297,CLOSED
499,128940,한미약품,2022-08-31,296774.0,2022-09-30,220653.0,30,-0.2564948411922877,CLOSED
500,204320,HL만도,2022-08-31,54000.0,2022-09-30,44350.0,30,-0.1787037037037037,CLOSED
501,207940,삼성바이오로직스,2022-08-31,1228906.0,2022-09-30,1187697.0,30,-0.033533077387530086,CLOSED
502,267250,HD현대,2022-08-31,63200.0,2022-09-30,54100.0,30,-0.1439873417721519,CLOSED
503,267270,HD건설기계,2022-08-31,40700.0,2022-09-30,32000.0,30,-0.2137592137592138,CLOSED
504,272210,한화시스템,2022-08-31,15550.0,2022-09-30,11050.0,30,-0.28938906752411575,CLOSED
505,373220,LG에너지솔루션,2022-08-31,462500.0,2022-09-30,426500.0,30,-0.07783783783783782,CLOSED
506,003670,포스코퓨처엠,2022-11-30,211795.0,2022-12-29,174476.0,29,-0.1762034042352275,CLOSED
507,004020,현대제철,2022-11-30,33900.0,2022-12-29,30600.0,29,-0.09734513274336287,CLOSED
508,004800,효성,2022-11-30,58930.0,2022-12-29,51689.0,29,-0.12287459697946712,CLOSED
509,005490,POSCO홀딩스,2022-11-30,299500.0,2022-12-29,276500.0,29,-0.07679465776293826,CLOSED
510,005930,삼성전자,2022-11-30,62200.0,2022-12-29,55300.0,29,-0.11093247588424437,CLOSED
511,006260,LS,2022-11-30,75200.0,2022-12-29,69700.0,29,-0.07313829787234039,CLOSED
512,006400,삼성SDI,2022-11-30,713715.0,2022-12-29,578608.0,29,-0.18930105154018062,CLOSED
513,009150,삼성전기,2022-11-30,141000.0,2022-12-29,130500.0,29,-0.07446808510638303,CLOSED
514,009970,영원무역홀딩스,2022-11-30,56900.0,2022-12-29,61400.0,29,0.07908611599297011,CLOSED
515,010130,고려아연,2022-11-30,630000.0,2022-12-29,564000.0,29,-0.10476190476190472,CLOSED
516,011170,롯데케미칼,2022-11-30,174785.0,2022-12-29,178500.0,29,0.021254684326458273,CLOSED
517,011780,금호석유화학,2022-11-30,149500.0,2022-12-29,126000.0,29,-0.15719063545150502,CLOSED
518,018670,SK가스,2022-11-30,128000.0,2022-12-29,115500.0,29,-0.09765625,CLOSED
519,023590,다우기술,2022-11-30,20800.0,2022-12-29,19200.0,29,-0.07692307692307687,CLOSED
520,030000,제일기획,2022-11-30,24250.0,2022-12-29,23050.0,29,-0.04948453608247427,CLOSED
521,042700,한미반도체,2022-11-30,13400.0,2022-12-29,11500.0,29,-0.14179104477611937,CLOSED
522,051910,LG화학,2022-11-30,740000.0,2022-12-29,600000.0,29,-0.18918918918918914,CLOSED
523,066570,LG전자,2022-11-30,97600.0,2022-12-29,86500.0,29,-0.11372950819672134,CLOSED
524,078930,GS,2022-11-30,48600.0,2022-12-29,43800.0,29,-0.09876543209876543,CLOSED
525,081660,미스토홀딩스,2022-11-30,33050.0,2022-12-29,33250.0,29,0.00605143721633894,CLOSED
526,103140,풍산,2022-11-30,30400.0,2022-12-29,33650.0,29,0.10690789473684204,CLOSED
527,111770,영원무역,2022-11-30,47500.0,2022-12-29,46950.0,29,-0.011578947368421022,CLOSED
528,112610,씨에스윈드,2022-11-30,76500.0,2022-12-29,68800.0,29,-0.1006535947712418,CLOSED
529,207940,삼성바이오로직스,2022-11-30,1305437.0,2022-12-29,1208302.0,29,-0.07440803347844438,CLOSED
530,241560,두산밥캣,2022-11-30,35550.0,2022-12-29,34600.0,29,-0.026722925457102642,CLOSED
531,267250,HD현대,2022-11-30,64500.0,2022-12-29,57100.0,29,-0.11472868217054266,CLOSED
532,267270,HD건설기계,2022-11-30,59900.0,2022-12-29,62200.0,29,0.038397328881469184,CLOSED
533,298020,효성티앤씨,2022-11-30,357000.0,2022-12-29,350000.0,29,-0.019607843137254943,CLOSED
534,326030,SK바이오팜,2022-11-30,73600.0,2022-12-29,72100.0,29,-0.020380434782608647,CLOSED
535,373220,LG에너지솔루션,2022-11-30,587000.0,2022-12-29,435500.0,29,-0.25809199318569,CLOSED
536,003570,SNT다이내믹스,2023-01-31,10710.0,2023-02-28,9280.0,28,-0.13352007469654525,CLOSED
537,004020,현대제철,2023-01-31,34200.0,2023-02-28,35000.0,28,0.023391812865497075,CLOSED
538,011170,롯데케미칼,2023-01-31,176800.0,2023-02-28,178200.0,28,0.007918552036199067,CLOSED
539,011200,HMM,2023-01-31,21750.0,2023-02-28,22550.0,28,0.0367816091954023,CLOSED
540,014680,한솔케미칼,2023-01-31,211000.0,2023-02-28,204500.0,28,-0.03080568720379151,CLOSED
541,052400,코나아이,2023-01-31,17750.0,2023-02-28,18050.0,28,0.016901408450704203,CLOSED
542,069960,현대백화점,2023-01-31,61600.0,2023-02-28,54300.0,28,-0.11850649350649356,CLOSED
543,084370,유진테크,2023-01-31,25850.0,2023-02-28,26500.0,28,0.025145067698259194,CLOSED
544,267270,HD건설기계,2023-01-31,58900.0,2023-02-28,54900.0,28,-0.06791171477079794,CLOSED
545,272210,한화시스템,2023-01-31,13350.0,2023-02-28,12370.0,28,-0.07340823970037458,CLOSED
546,326030,SK바이오팜,2023-01-31,72400.0,2023-02-28,66700.0,28,-0.0787292817679558,CLOSED
547,000270,기아,2023-02-28,75300.0,2023-03-31,81000.0,31,0.07569721115537842,CLOSED
548,000660,SK하이닉스,2023-02-28,89400.0,2023-03-31,88600.0,31,-0.008948545861297563,CLOSED
549,001040,CJ,2023-02-28,86900.0,2023-03-31,104300.0,31,0.20023014959723828,CLOSED
550,001430,세아베스틸지주,2023-02-28,22500.0,2023-03-31,22650.0,31,0.006666666666666599,CLOSED
551,002790,아모레퍼시픽홀딩스,2023-01-31,41050.0,2023-03-31,38500.0,59,-0.062119366626065764,CLOSED
552,005490,POSCO홀딩스,2023-01-31,300500.0,2023-03-31,368000.0,59,0.22462562396006658,CLOSED
553,008770,호텔신라,2023-01-31,79200.0,2023-03-31,81500.0,59,0.029040404040403978,CLOSED
554,009150,삼성전기,2023-01-31,142700.0,2023-03-31,152700.0,59,0.07007708479327257,CLOSED
555,009420,한올바이오파마,2023-01-31,16400.0,2023-03-31,18350.0,59,0.11890243902439024,CLOSED
556,009970,영원무역홀딩스,2023-02-28,69100.0,2023-03-31,64100.0,31,-0.0723589001447178,CLOSED
557,010140,삼성중공업,2023-02-28,5500.0,2023-03-31,5170.0,31,-0.06000000000000005,CLOSED
558,011780,금호석유화학,2023-02-28,157300.0,2023-03-31,143700.0,31,-0.08645899554990466,CLOSED
559,012450,한화에어로스페이스,2023-01-31,81899.0,2023-03-31,101050.0,59,0.23383679898411458,CLOSED
560,020560,아시아나항공,2023-01-31,15300.0,2023-03-31,13810.0,59,-0.09738562091503267,CLOSED
561,023590,다우기술,2023-01-31,22900.0,2023-03-31,20900.0,59,-0.0873362445414847,CLOSED
562,028670,팬오션,2023-01-31,6030.0,2023-03-31,5810.0,59,-0.036484245439469265,CLOSED
563,035420,NAVER,2023-02-28,208500.0,2023-03-31,202000.0,31,-0.031175059952038398,CLOSED
564,042700,한미반도체,2023-01-31,14210.0,2023-03-31,20700.0,59,0.45672061928219554,CLOSED
565,066570,LG전자,2023-01-31,100100.0,2023-03-31,115300.0,59,0.1518481518481518,CLOSED
566,066970,엘앤에프,2023-02-28,262000.0,2023-03-31,313500.0,31,0.19656488549618323,CLOSED
567,073240,금호타이어,2023-02-28,3320.0,2023-03-31,3740.0,31,0.12650602409638556,CLOSED
568,081660,미스토홀딩스,2023-01-31,38700.0,2023-03-31,36500.0,59,-0.056847545219638196,CLOSED
569,090430,아모레퍼시픽,2023-01-31,145500.0,2023-03-31,136800.0,59,-0.0597938144329897,CLOSED
570,103140,풍산,2023-01-31,36050.0,2023-03-31,37800.0,59,0.04854368932038833,CLOSED
571,139480,이마트,2023-01-31,104200.0,2023-03-31,105600.0,59,0.013435700575815668,CLOSED
572,161390,한국타이어앤테크놀로지,2023-02-28,37200.0,2023-03-31,34800.0,31,-0.06451612903225812,CLOSED
573,161890,한국콜마,2023-01-31,44450.0,2023-03-31,41900.0,59,-0.057367829021372274,CLOSED
574,192820,코스맥스,2023-01-31,78300.0,2023-03-31,81000.0,59,0.034482758620689724,CLOSED
575,298020,효성티앤씨,2023-01-31,414500.0,2023-03-31,443000.0,59,0.06875753920385996,CLOSED
576,352820,하이브,2023-01-31,191700.0,2023-03-31,188900.0,59,-0.0146061554512259,CLOSED
577,000990,DB하이텍,2023-05-31,60400.0,2023-06-30,63100.0,30,0.04470198675496695,CLOSED
578,004370,농심,2023-05-31,439000.0,2023-06-30,398000.0,30,-0.09339407744874717,CLOSED
579,009540,HD한국조선해양,2023-05-31,96200.0,2023-06-30,116500.0,30,0.21101871101871095,CLOSED
580,011210,현대위아,2023-05-31,61400.0,2023-06-30,67000.0,30,0.0912052117263844,CLOSED
581,047810,한국항공우주,2023-05-31,51500.0,2023-06-30,53300.0,30,0.03495145631067964,CLOSED
582,066970,엘앤에프,2023-05-31,270000.0,2023-06-30,243000.0,30,-0.09999999999999998,CLOSED
583,096770,SK이노베이션,2023-05-31,186065.0,2023-06-30,155956.0,30,-0.16181979415795555,CLOSED
584,298040,효성중공업,2023-05-31,80000.0,2023-06-30,114900.0,30,0.43625,CLOSED
585,373220,LG에너지솔루션,2023-05-31,599000.0,2023-06-30,553000.0,30,-0.07679465776293826,CLOSED
586,000270,기아,2023-05-31,85900.0,2023-07-31,82700.0,61,-0.03725261932479629,CLOSED
587,003570,SNT다이내믹스,2023-06-30,10470.0,2023-07-31,10060.0,31,-0.03915950334288443,CLOSED
588,011070,LG이노텍,2023-06-30,309500.0,2023-07-31,264000.0,31,-0.14701130856219713,CLOSED
589,073240,금호타이어,2023-05-31,4705.0,2023-07-31,4535.0,61,-0.03613177470775775,CLOSED
590,079550,LIG넥스원,2023-06-30,81100.0,2023-07-31,76700.0,31,-0.054254007398273685,CLOSED
591,086280,현대글로비스,2023-06-30,98889.0,2023-07-31,87184.0,31,-0.11836503554490385,CLOSED
592,103140,풍산,2023-06-30,43400.0,2023-07-31,37500.0,31,-0.13594470046082952,CLOSED
593,112610,씨에스윈드,2023-05-31,79000.0,2023-07-31,74200.0,61,-0.06075949367088607,CLOSED
594,204320,HL만도,2023-06-30,53900.0,2023-07-31,46150.0,31,-0.1437847866419295,CLOSED
595,352820,하이브,2023-05-31,274000.0,2023-07-31,262500.0,61,-0.041970802919708006,CLOSED
596,001120,LX인터내셔널,2023-06-30,36050.0,2023-08-31,30350.0,62,-0.15811373092926495,CLOSED
597,005850,에스엘,2023-05-31,36050.0,2023-08-31,35800.0,92,-0.006934812760055475,CLOSED
598,010060,OCI홀딩스,2023-05-31,86200.0,2023-08-31,92100.0,92,0.06844547563805103,CLOSED
599,011210,현대위아,2023-07-31,63100.0,2023-08-31,57600.0,31,-0.08716323296354989,CLOSED
600,096770,SK이노베이션,2023-07-31,212533.0,2023-08-31,177500.0,31,-0.16483557847487218,CLOSED
601,161890,한국콜마,2023-07-31,48350.0,2023-08-31,57800.0,31,0.19544984488107553,CLOSED
602,241560,두산밥캣,2023-05-31,53500.0,2023-08-31,53800.0,92,0.005607476635514086,CLOSED
603,000150,두산,2023-07-31,106500.0,2023-09-27,113300.0,58,0.06384976525821595,CLOSED
604,003570,SNT다이내믹스,2023-08-31,11000.0,2023-09-27,11300.0,27,0.027272727272727337,CLOSED
605,003670,포스코퓨처엠,2023-05-31,339260.0,2023-09-27,348468.0,119,0.02714142545540299,CLOSED
606,006260,LS,2023-05-31,82100.0,2023-09-27,101600.0,119,0.23751522533495728,CLOSED
607,007340,DN오토모티브,2023-05-31,16083.0,2023-09-27,16023.0,119,-0.0037306472673008795,CLOSED
608,007660,이수페타시스,2023-05-31,14227.0,2023-09-27,27133.0,119,0.907148379841147,CLOSED
609,008770,호텔신라,2023-08-31,88200.0,2023-09-27,84700.0,27,-0.03968253968253965,CLOSED
610,009540,HD한국조선해양,2023-07-31,123300.0,2023-09-27,111000.0,58,-0.0997566909975669,CLOSED
611,009970,영원무역홀딩스,2023-06-30,77300.0,2023-09-27,80500.0,89,0.04139715394566634,CLOSED
612,010120,LS ELECTRIC,2023-05-31,63700.0,2023-09-27,93400.0,119,0.46624803767660916,CLOSED
613,018260,삼성에스디에스,2023-07-31,128300.0,2023-09-27,135200.0,58,0.05378020265003891,CLOSED
614,022100,포스코DX,2023-05-31,11470.0,2023-09-27,54200.0,119,3.7253705318221444,CLOSED
615,028050,삼성E&A,2023-07-31,37000.0,2023-09-27,30250.0,58,-0.18243243243243246,CLOSED
616,032350,롯데관광개발,2023-08-31,17130.0,2023-09-27,13980.0,27,-0.18388791593695275,CLOSED
617,034020,두산에너빌리티,2023-08-31,18220.0,2023-09-27,16430.0,27,-0.09824368825466523,CLOSED
618,034230,파라다이스,2023-08-31,16850.0,2023-09-27,16270.0,27,-0.03442136498516324,CLOSED
619,042660,한화오션,2023-05-31,25186.0,2023-09-27,30950.0,119,0.22885730167553398,CLOSED
620,047040,대우건설,2023-08-31,4600.0,2023-09-27,4205.0,27,-0.08586956521739131,CLOSED
621,047050,포스코인터내셔널,2023-05-31,30100.0,2023-09-27,71400.0,119,1.3720930232558142,CLOSED
622,060370,LS마린솔루션,2023-05-31,6222.0,2023-09-27,9083.0,119,0.45981999357119907,CLOSED
623,069960,현대백화점,2023-07-31,55400.0,2023-09-27,63600.0,58,0.1480144404332131,CLOSED
624,079550,LIG넥스원,2023-08-31,84800.0,2023-09-27,87900.0,27,0.03655660377358494,CLOSED
625,082740,한화엔진,2023-05-31,8740.0,2023-09-27,8840.0,119,0.011441647597254079,CLOSED
626,103590,일진전기,2023-05-31,6816.0,2023-09-27,12281.0,119,0.8017899061032865,CLOSED
627,111770,영원무역,2023-06-30,64500.0,2023-09-27,48350.0,89,-0.25038759689922485,CLOSED
628,161390,한국타이어앤테크놀로지,2023-07-31,38700.0,2023-09-27,39600.0,58,0.023255813953488413,CLOSED
629,267260,HD현대일렉트릭,2023-05-31,48900.0,2023-09-27,66600.0,119,0.361963190184049,CLOSED
630,298040,효성중공업,2023-07-31,174500.0,2023-09-27,170000.0,58,-0.025787965616045794,CLOSED
631,307950,현대오토에버,2023-05-31,126000.0,2023-09-27,186600.0,119,0.480952380952381,CLOSED
632,353200,대덕전자,2023-05-31,25400.0,2023-09-27,26200.0,119,0.03149606299212593,CLOSED
633,000120,CJ대한통운,2023-11-30,113100.0,2023-12-28,127200.0,28,0.12466843501326252,CLOSED
634,000240,한국앤컴퍼니,2023-11-30,14610.0,2023-12-28,15600.0,28,0.06776180698151957,CLOSED
635,000270,기아,2023-11-30,85900.0,2023-12-28,100000.0,28,0.1641443538998837,CLOSED
636,000990,DB하이텍,2023-11-30,61900.0,2023-12-28,58600.0,28,-0.05331179321486268,CLOSED
637,001040,CJ,2023-11-30,92000.0,2023-12-28,94400.0,28,0.026086956521739202,CLOSED
638,001430,세아베스틸지주,2023-11-30,24600.0,2023-12-28,24850.0,28,0.010162601626016343,CLOSED
639,003570,SNT다이내믹스,2023-11-30,14720.0,2023-12-28,14400.0,28,-0.021739130434782594,CLOSED
640,004990,롯데지주,2023-11-30,28000.0,2023-12-28,27050.0,28,-0.03392857142857142,CLOSED
641,005440,현대지에프홀딩스,2023-11-30,3800.0,2023-12-28,3640.0,28,-0.04210526315789476,CLOSED
642,006360,GS건설,2023-11-30,16210.0,2023-12-28,15020.0,28,-0.07341147439851947,CLOSED
643,008930,한미사이언스,2023-11-30,35800.0,2023-12-28,39200.0,28,0.0949720670391061,CLOSED
644,011170,롯데케미칼,2023-11-30,154200.0,2023-12-28,153200.0,28,-0.006485084306095956,CLOSED
645,014680,한솔케미칼,2023-11-30,201000.0,2023-12-28,227000.0,28,0.12935323383084585,CLOSED
646,015760,한국전력,2023-11-30,18850.0,2023-12-28,18900.0,28,0.0026525198938991412,CLOSED
647,018260,삼성에스디에스,2023-11-30,168400.0,2023-12-28,170000.0,28,0.009501187648456089,CLOSED
648,018670,SK가스,2023-11-30,153200.0,2023-12-28,148000.0,28,-0.03394255874673624,CLOSED
649,022100,포스코DX,2023-11-30,57300.0,2023-12-28,74200.0,28,0.29493891797556726,CLOSED
650,028260,삼성물산,2023-11-30,119300.0,2023-12-28,129500.0,28,0.08549874266554913,CLOSED
651,034730,SK,2023-11-30,163600.0,2023-12-28,178000.0,28,0.08801955990220045,CLOSED
652,068270,셀트리온,2023-11-30,149860.0,2023-12-28,185370.0,28,0.23695449085813425,CLOSED
653,073240,금호타이어,2023-11-30,5560.0,2023-12-28,5390.0,28,-0.030575539568345356,CLOSED
654,078930,GS,2023-11-30,41300.0,2023-12-28,40900.0,28,-0.009685230024213065,CLOSED
655,079550,LIG넥스원,2023-11-30,97500.0,2023-12-28,130500.0,28,0.33846153846153837,CLOSED
656,103590,일진전기,2023-11-30,12952.0,2023-12-28,10640.0,28,-0.17850525015441632,CLOSED
657,128940,한미약품,2023-11-30,301698.0,2023-12-28,352500.0,28,0.16838692997633387,CLOSED
658,131290,티에스이,2023-11-30,50700.0,2023-12-28,49450.0,28,-0.024654832347140054,CLOSED
659,161390,한국타이어앤테크놀로지,2023-11-30,45350.0,2023-12-28,45400.0,28,0.0011025358324145973,CLOSED
660,267260,HD현대일렉트릭,2023-11-30,84100.0,2023-12-28,82200.0,28,-0.022592152199762183,CLOSED
661,298040,효성중공업,2023-11-30,210000.0,2023-12-28,161900.0,28,-0.22904761904761906,CLOSED
662,307950,현대오토에버,2023-11-30,185000.0,2023-12-28,211500.0,28,0.14324324324324333,CLOSED
663,000240,한국앤컴퍼니,2024-02-29,17020.0,2024-03-29,15990.0,29,-0.06051703877790837,CLOSED
664,000270,기아,2024-02-29,124500.0,2024-03-29,110200.0,29,-0.11485943775100405,CLOSED
665,000880,한화,2024-02-29,29400.0,2024-03-29,27050.0,29,-0.07993197278911568,CLOSED
666,002380,KCC,2024-02-29,265500.0,2024-03-29,259500.0,29,-0.02259887005649719,CLOSED
667,003570,SNT다이내믹스,2024-02-29,18670.0,2024-03-29,17420.0,29,-0.06695232994108191,CLOSED
668,006040,동원산업,2024-02-29,35372.0,2024-03-29,34826.0,29,-0.015435938030080254,CLOSED
669,007340,DN오토모티브,2024-02-29,16564.0,2024-03-29,16504.0,29,-0.003622313450857284,CLOSED
670,009970,영원무역홀딩스,2024-02-29,91200.0,2024-03-29,86900.0,29,-0.04714912280701755,CLOSED
671,010950,S-Oil,2024-02-29,76400.0,2024-03-29,78500.0,29,0.027486910994764413,CLOSED
672,011200,HMM,2024-02-29,18270.0,2024-03-29,15720.0,29,-0.13957307060755342,CLOSED
673,020560,아시아나항공,2024-02-29,11640.0,2024-03-29,11050.0,29,-0.05068728522336774,CLOSED
674,023590,다우기술,2024-02-29,21700.0,2024-03-29,20450.0,29,-0.05760368663594473,CLOSED
675,028260,삼성물산,2024-02-29,156700.0,2024-03-29,158500.0,29,0.01148691767708998,CLOSED
676,028670,팬오션,2024-02-29,4865.0,2024-03-29,4135.0,29,-0.1500513874614594,CLOSED
677,034020,두산에너빌리티,2024-02-29,16240.0,2024-03-29,17220.0,29,0.06034482758620685,CLOSED
678,034730,SK,2024-02-29,191800.0,2024-03-29,178600.0,29,-0.06882168925964549,CLOSED
679,035250,강원랜드,2024-02-29,17380.0,2024-03-29,16290.0,29,-0.06271576524741085,CLOSED
680,036460,한국가스공사,2024-02-29,29000.0,2024-03-29,26850.0,29,-0.07413793103448274,CLOSED
681,047810,한국항공우주,2024-02-29,51300.0,2024-03-29,51500.0,29,0.003898635477582957,CLOSED
682,052690,한전기술,2024-02-29,70900.0,2024-03-29,65200.0,29,-0.08039492242595203,CLOSED
683,064350,현대로템,2024-02-29,33450.0,2024-03-29,36800.0,29,0.1001494768310911,CLOSED
684,068270,셀트리온,2024-02-29,165315.0,2024-03-29,175895.0,29,0.06399903215074243,CLOSED
685,073240,금호타이어,2024-02-29,6310.0,2024-03-29,5890.0,29,-0.06656101426307448,CLOSED
686,078930,GS,2024-02-29,48050.0,2024-03-29,48250.0,29,0.004162330905306932,CLOSED
687,079550,LIG넥스원,2024-02-29,143200.0,2024-03-29,178400.0,29,0.24581005586592175,CLOSED
688,103140,풍산,2024-02-29,43150.0,2024-03-29,50500.0,29,0.1703360370799536,CLOSED
689,161390,한국타이어앤테크놀로지,2024-02-29,54200.0,2024-03-29,54200.0,29,0.0,CLOSED
690,207940,삼성바이오로직스,2024-02-29,1139130.0,2024-03-29,1223019.0,29,0.07364304337520733,CLOSED
691,267250,HD현대,2024-02-29,70700.0,2024-03-29,71900.0,29,0.016973125884016893,CLOSED
692,267260,HD현대일렉트릭,2024-02-29,124400.0,2024-03-29,179400.0,29,0.44212218649517676,CLOSED
693,000100,유한양행,2024-04-30,72400.0,2024-05-31,68800.0,31,-0.04972375690607733,CLOSED
694,000270,기아,2024-04-30,118000.0,2024-05-31,117700.0,31,-0.0025423728813559476,CLOSED
695,005380,현대차,2024-04-30,251000.0,2024-05-31,253000.0,31,0.007968127490039834,CLOSED
696,006400,삼성SDI,2024-04-30,424900.0,2024-05-31,366647.0,31,-0.1370981407389974,CLOSED
697,015760,한국전력,2024-04-30,21150.0,2024-05-31,19450.0,31,-0.08037825059101655,CLOSED
698,034020,두산에너빌리티,2024-04-30,16800.0,2024-05-31,20800.0,31,0.23809523809523814,CLOSED
699,161390,한국타이어앤테크놀로지,2024-04-30,59100.0,2024-05-31,43850.0,31,-0.2580372250423012,CLOSED
700,000150,두산,2024-04-30,152300.0,2024-06-28,217000.0,59,0.4248194353250163,CLOSED
701,001440,대한전선,2024-04-30,13760.0,2024-06-28,16560.0,59,0.20348837209302317,CLOSED
702,003230,삼양식품,2024-04-30,295500.0,2024-06-28,669000.0,59,1.263959390862944,CLOSED
703,003570,SNT다이내믹스,2024-04-30,15810.0,2024-06-28,22450.0,59,0.41998734977862107,CLOSED
704,004370,농심,2024-05-31,459500.0,2024-06-28,489000.0,28,0.06420021762785644,CLOSED
705,005850,에스엘,2024-05-31,36550.0,2024-06-28,44600.0,28,0.2202462380300958,CLOSED
706,006260,LS,2024-04-30,138100.0,2024-06-28,143900.0,59,0.04199855177407685,CLOSED
707,007310,오뚜기,2024-05-31,455000.0,2024-06-28,433000.0,28,-0.0483516483516484,CLOSED
708,009540,HD한국조선해양,2024-04-30,131500.0,2024-06-28,158800.0,59,0.2076045627376426,CLOSED
709,010120,LS ELECTRIC,2024-04-30,176600.0,2024-06-28,220500.0,59,0.2485843714609286,CLOSED
710,010140,삼성중공업,2024-04-30,9450.0,2024-06-28,9350.0,59,-0.010582010582010581,CLOSED
711,012450,한화에어로스페이스,2024-04-30,215446.0,2024-06-28,254155.0,59,0.1796691514346982,CLOSED
712,012510,더존비즈온,2024-04-30,59900.0,2024-06-28,72800.0,59,0.21535893155258767,CLOSED
713,032350,롯데관광개발,2024-05-31,10840.0,2024-06-28,9680.0,28,-0.1070110701107011,CLOSED
714,034230,파라다이스,2024-04-30,15060.0,2024-06-28,14100.0,59,-0.06374501992031878,CLOSED
715,042660,한화오션,2024-04-30,32050.0,2024-06-28,30550.0,59,-0.046801872074882955,CLOSED
716,060370,LS마린솔루션,2024-04-30,9944.0,2024-06-28,16114.0,59,0.6204746580852776,CLOSED
717,064350,현대로템,2024-04-30,37300.0,2024-06-28,40800.0,59,0.09383378016085797,CLOSED
718,071970,HD현대마린엔진,2024-04-30,16110.0,2024-06-28,18510.0,59,0.14897579143389206,CLOSED
719,073240,금호타이어,2024-04-30,7040.0,2024-06-28,6540.0,59,-0.07102272727272729,CLOSED
720,103590,일진전기,2024-04-30,22050.0,2024-06-28,26200.0,59,0.1882086167800454,CLOSED
721,161890,한국콜마,2024-05-31,64300.0,2024-06-28,71200.0,28,0.10730948678071539,CLOSED
722,192820,코스맥스,2024-04-30,140100.0,2024-06-28,194600.0,59,0.38900785153461803,CLOSED
723,204320,HL만도,2024-04-30,39400.0,2024-06-28,43900.0,59,0.1142131979695431,CLOSED
724,267260,HD현대일렉트릭,2024-04-30,247000.0,2024-06-28,310000.0,59,0.25506072874493935,CLOSED
725,267270,HD건설기계,2024-05-31,57000.0,2024-06-28,55000.0,28,-0.03508771929824561,CLOSED
726,278470,에이피알,2024-05-31,73900.0,2024-06-28,78600.0,28,0.06359945872801087,CLOSED
727,298040,효성중공업,2024-04-30,313000.0,2024-06-28,346000.0,59,0.10543130990415328,CLOSED
728,329180,HD현대중공업,2024-04-30,137700.0,2024-06-28,155700.0,59,0.130718954248366,CLOSED
729,395400,SK리츠,2024-04-30,4145.0,2024-06-28,4815.0,59,0.16164053075995177,CLOSED
730,007310,오뚜기,2024-09-30,426500.0,2024-10-31,421500.0,31,-0.011723329425556872,CLOSED
731,009540,HD한국조선해양,2024-09-30,187700.0,2024-10-31,183400.0,31,-0.022908897176345255,CLOSED
732,010140,삼성중공업,2024-09-30,10030.0,2024-10-31,9590.0,31,-0.04386839481555338,CLOSED
733,032350,롯데관광개발,2024-09-30,10180.0,2024-10-31,9720.0,31,-0.04518664047151277,CLOSED
734,042660,한화오션,2024-09-30,30550.0,2024-10-31,26750.0,31,-0.12438625204582654,CLOSED
735,071970,HD현대마린엔진,2024-09-30,19070.0,2024-10-31,19130.0,31,0.0031463030938647663,CLOSED
736,267260,HD현대일렉트릭,2024-09-30,329500.0,2024-10-31,327500.0,31,-0.006069802731411222,CLOSED
737,383220,F&F,2024-09-30,68500.0,2024-10-31,62500.0,31,-0.08759124087591241,CLOSED
738,395400,SK리츠,2024-09-30,5150.0,2024-10-31,4635.0,31,-0.09999999999999998,CLOSED
739,000100,유한양행,2024-09-30,142600.0,2024-11-29,115400.0,60,-0.19074333800841514,CLOSED
740,001720,신영증권,2024-09-30,79200.0,2024-11-29,77500.0,60,-0.02146464646464652,CLOSED
741,003490,대한항공,2024-10-31,23900.0,2024-11-29,25950.0,29,0.08577405857740583,CLOSED
742,003570,SNT다이내믹스,2024-09-30,24150.0,2024-11-29,19640.0,60,-0.18674948240165634,CLOSED
743,007070,GS리테일,2024-09-30,18260.0,2024-11-29,19800.0,60,0.0843373493975903,CLOSED
744,007340,DN오토모티브,2024-09-30,20450.0,2024-11-29,18480.0,60,-0.0963325183374083,CLOSED
745,008930,한미사이언스,2024-10-31,47750.0,2024-11-29,32900.0,29,-0.31099476439790574,CLOSED
746,009420,한올바이오파마,2024-09-30,38750.0,2024-11-29,35900.0,60,-0.07354838709677425,CLOSED
747,012330,현대모비스,2024-10-31,249500.0,2024-11-29,239500.0,29,-0.04008016032064132,CLOSED
748,012450,한화에어로스페이스,2024-09-30,292457.0,2024-11-29,307720.0,60,0.05218886879096751,CLOSED
749,012750,에스원,2024-10-31,64600.0,2024-11-29,62800.0,29,-0.02786377708978327,CLOSED
750,015760,한국전력,2024-10-31,23100.0,2024-11-29,23900.0,29,0.03463203463203457,CLOSED
751,017800,현대엘리베이터,2024-09-30,45500.0,2024-11-29,53400.0,60,0.17362637362637368,CLOSED
752,021240,코웨이,2024-10-31,63000.0,2024-11-29,65900.0,29,0.04603174603174609,CLOSED
753,035250,강원랜드,2024-09-30,16970.0,2024-11-29,18000.0,60,0.06069534472598703,CLOSED
754,047810,한국항공우주,2024-10-31,58500.0,2024-11-29,58400.0,29,-0.0017094017094017033,CLOSED
755,051600,한전KPS,2024-09-30,42100.0,2024-11-29,46850.0,60,0.11282660332541572,CLOSED
756,064350,현대로템,2024-09-30,53600.0,2024-11-29,50600.0,60,-0.05597014925373134,CLOSED
757,069620,대웅제약,2024-09-30,138300.0,2024-11-29,122500.0,60,-0.11424439624005789,CLOSED
758,079550,LIG넥스원,2024-09-30,211000.0,2024-11-29,197100.0,60,-0.06587677725118479,CLOSED
759,112610,씨에스윈드,2024-09-30,69000.0,2024-11-29,40100.0,60,-0.4188405797101449,CLOSED
760,128940,한미약품,2024-09-30,321500.0,2024-11-29,272500.0,60,-0.15241057542768277,CLOSED
761,161890,한국콜마,2024-09-30,74400.0,2024-11-29,52800.0,60,-0.29032258064516125,CLOSED
762,180640,한진칼,2024-09-30,82500.0,2024-11-29,80300.0,60,-0.026666666666666616,CLOSED
763,207940,삼성바이오로직스,2024-09-30,1437894.0,2024-11-29,1434950.0,60,-0.002047438823724157,CLOSED
764,282330,BGF리테일,2024-10-31,115700.0,2024-11-29,108200.0,29,-0.06482281763180642,CLOSED
765,298040,효성중공업,2024-10-31,401000.0,2024-11-29,403500.0,29,0.006234413965087171,CLOSED
766,326030,SK바이오팜,2024-09-30,104000.0,2024-11-29,103400.0,60,-0.005769230769230749,CLOSED
767,329180,HD현대중공업,2024-09-30,184600.0,2024-11-29,220000.0,60,0.1917659804983749,CLOSED
768,373220,LG에너지솔루션,2024-09-30,414500.0,2024-11-29,381500.0,60,-0.07961399276236425,CLOSED
769,001440,대한전선,2025-01-31,13090.0,2025-02-28,12020.0,28,-0.08174178762414053,CLOSED
770,003490,대한항공,2025-01-31,24800.0,2025-02-28,23600.0,28,-0.048387096774193505,CLOSED
771,009540,HD한국조선해양,2025-01-31,232000.0,2025-02-28,214000.0,28,-0.07758620689655171,CLOSED
772,012510,더존비즈온,2025-01-31,68700.0,2025-02-28,70500.0,28,0.026200873362445476,CLOSED
773,017800,현대엘리베이터,2025-01-31,53000.0,2025-02-28,55000.0,28,0.037735849056603765,CLOSED
774,018880,한온시스템,2025-01-31,3973.0,2025-02-28,4117.0,28,0.03624465139692923,CLOSED
775,020560,아시아나항공,2025-01-31,10560.0,2025-02-28,10680.0,28,0.011363636363636465,CLOSED
776,035420,NAVER,2025-01-31,216500.0,2025-02-28,207000.0,28,-0.04387990762124716,CLOSED
777,073240,금호타이어,2025-01-31,5250.0,2025-02-28,4900.0,28,-0.06666666666666665,CLOSED
778,161390,한국타이어앤테크놀로지,2025-01-31,40950.0,2025-02-28,37900.0,28,-0.07448107448107444,CLOSED
779,204320,HL만도,2025-01-31,44500.0,2025-02-28,44150.0,28,-0.00786516853932584,CLOSED
780,267260,HD현대일렉트릭,2025-01-31,410000.0,2025-02-28,325500.0,28,-0.20609756097560972,CLOSED
781,298040,효성중공업,2025-01-31,448500.0,2025-02-28,432500.0,28,-0.035674470457079166,CLOSED
782,000120,CJ대한통운,2025-02-28,93600.0,2025-03-31,86300.0,31,-0.07799145299145294,CLOSED
783,000720,현대건설,2025-01-31,31050.0,2025-03-31,35950.0,59,0.15780998389694045,CLOSED
784,003230,삼양식품,2025-01-31,684000.0,2025-03-31,860000.0,59,0.2573099415204678,CLOSED
785,003570,SNT다이내믹스,2025-02-28,28500.0,2025-03-31,30500.0,31,0.07017543859649122,CLOSED
786,006040,동원산업,2025-02-28,35100.0,2025-03-31,34700.0,31,-0.01139601139601143,CLOSED
787,006260,LS,2025-01-31,118700.0,2025-03-31,105200.0,59,-0.11373209772535808,CLOSED
788,007340,DN오토모티브,2025-02-28,21300.0,2025-03-31,20600.0,31,-0.032863849765258246,CLOSED
789,007660,이수페타시스,2025-02-28,37650.0,2025-03-31,35600.0,31,-0.05444887118193886,CLOSED
790,010120,LS ELECTRIC,2025-01-31,231000.0,2025-03-31,175300.0,59,-0.24112554112554108,CLOSED
791,010140,삼성중공업,2025-01-31,13010.0,2025-03-31,13480.0,59,0.036126056879323576,CLOSED
792,012450,한화에어로스페이스,2025-01-31,393882.0,2025-03-31,617410.0,59,0.5674999111409,CLOSED
793,017960,한국카본,2025-01-31,13880.0,2025-03-31,13540.0,59,-0.02449567723342938,CLOSED
794,021240,코웨이,2025-02-28,81000.0,2025-03-31,81000.0,31,0.0,CLOSED
795,042660,한화오션,2025-01-31,57200.0,2025-03-31,67100.0,59,0.17307692307692313,CLOSED
796,060370,LS마린솔루션,2025-02-28,14560.0,2025-03-31,12436.0,31,-0.14587912087912092,CLOSED
797,064350,현대로템,2025-02-28,78200.0,2025-03-31,105000.0,31,0.34271099744245515,CLOSED
798,071970,HD현대마린엔진,2025-01-31,28000.0,2025-03-31,26500.0,59,-0.0535714285714286,CLOSED
799,079550,LIG넥스원,2025-02-28,270500.0,2025-03-31,248000.0,31,-0.08317929759704257,CLOSED
800,097230,HJ중공업,2025-01-31,6110.0,2025-03-31,5900.0,59,-0.03436988543371522,CLOSED
801,103590,일진전기,2025-01-31,32550.0,2025-03-31,24900.0,59,-0.23502304147465436,CLOSED
802,192820,코스맥스,2025-01-31,164400.0,2025-03-31,164400.0,59,0.0,CLOSED
803,207940,삼성바이오로직스,2025-02-28,1642466.0,2025-03-31,1492348.0,31,-0.09139793456911738,CLOSED
804,267270,HD건설기계,2025-01-31,66500.0,2025-03-31,65700.0,59,-0.012030075187969946,CLOSED
805,272210,한화시스템,2025-01-31,25200.0,2025-03-31,32100.0,59,0.2738095238095237,CLOSED
806,278470,에이피알,2025-02-28,58800.0,2025-03-31,69800.0,31,0.18707482993197289,CLOSED
807,326030,SK바이오팜,2025-02-28,114000.0,2025-03-31,99300.0,31,-0.1289473684210526,CLOSED
808,329180,HD현대중공업,2025-01-31,311000.0,2025-03-31,279000.0,59,-0.10289389067524113,CLOSED
809,352820,하이브,2025-01-31,225000.0,2025-03-31,235500.0,59,0.046666666666666634,CLOSED
810,375500,DL이앤씨,2025-02-28,40500.0,2025-03-31,41600.0,31,0.02716049382716057,CLOSED
811,383220,F&F,2025-01-31,64300.0,2025-03-31,63400.0,59,-0.013996889580093264,CLOSED
812,000720,현대건설,2025-04-30,41600.0,2025-05-30,63800.0,30,0.5336538461538463,CLOSED
813,001040,CJ,2025-04-30,124300.0,2025-05-30,136300.0,30,0.09654062751407877,CLOSED
814,001720,신영증권,2025-04-30,89300.0,2025-05-30,111800.0,30,0.25195968645016786,CLOSED
815,003230,삼양식품,2025-04-30,970000.0,2025-05-30,1111000.0,30,0.14536082474226797,CLOSED
816,003570,SNT다이내믹스,2025-04-30,33150.0,2025-05-30,42000.0,30,0.26696832579185514,CLOSED
817,004990,롯데지주,2025-04-30,22600.0,2025-05-30,29800.0,30,0.31858407079646023,CLOSED
818,009540,HD한국조선해양,2025-04-30,272000.0,2025-05-30,316500.0,30,0.16360294117647056,CLOSED
819,010140,삼성중공업,2025-04-30,14570.0,2025-05-30,16900.0,30,0.15991763898421407,CLOSED
820,011780,금호석유화학,2025-04-30,118800.0,2025-05-30,115500.0,30,-0.02777777777777779,CLOSED
821,012450,한화에어로스페이스,2025-04-30,784810.0,2025-05-30,811000.0,30,0.03337113441469919,CLOSED
822,015760,한국전력,2025-04-30,25650.0,2025-05-30,30350.0,30,0.18323586744639386,CLOSED
823,017800,현대엘리베이터,2025-04-30,73900.0,2025-05-30,75900.0,30,0.02706359945872805,CLOSED
824,017960,한국카본,2025-04-30,19490.0,2025-05-30,22000.0,30,0.1287839917906619,CLOSED
825,021240,코웨이,2025-04-30,87700.0,2025-05-30,88900.0,30,0.0136830102622576,CLOSED
826,023590,다우기술,2025-04-30,21700.0,2025-05-30,26850.0,30,0.23732718894009208,CLOSED
827,028050,삼성E&A,2025-04-30,19240.0,2025-05-30,21750.0,30,0.13045738045738053,CLOSED
828,032350,롯데관광개발,2025-04-30,10850.0,2025-05-30,11870.0,30,0.09400921658986183,CLOSED
829,034230,파라다이스,2025-04-30,12350.0,2025-05-30,12550.0,30,0.0161943319838056,CLOSED
830,042660,한화오션,2025-04-30,78500.0,2025-05-30,78000.0,30,-0.006369426751592355,CLOSED
831,064350,현대로템,2025-04-30,112200.0,2025-05-30,146400.0,30,0.30481283422459904,CLOSED
832,071970,HD현대마린엔진,2025-04-30,36900.0,2025-05-30,42700.0,30,0.15718157181571812,CLOSED
833,079550,LIG넥스원,2025-04-30,320500.0,2025-05-30,429000.0,30,0.3385335413416537,CLOSED
834,097230,HJ중공업,2025-04-30,7850.0,2025-05-30,7220.0,30,-0.08025477707006368,CLOSED
835,103140,풍산,2025-04-30,59300.0,2025-05-30,62000.0,30,0.045531197301855064,CLOSED
836,161890,한국콜마,2025-04-30,75900.0,2025-05-30,83000.0,30,0.09354413702239794,CLOSED
837,259960,크래프톤,2025-04-30,371500.0,2025-05-30,369000.0,30,-0.006729475100942128,CLOSED
838,272210,한화시스템,2025-04-30,39000.0,2025-05-30,45400.0,30,0.16410256410256419,CLOSED
839,278470,에이피알,2025-04-30,75300.0,2025-05-30,115300.0,30,0.5312084993359893,CLOSED
840,329180,HD현대중공업,2025-04-30,402000.0,2025-05-30,405500.0,30,0.008706467661691475,CLOSED
841,377300,카카오페이,2025-04-30,31650.0,2025-05-30,37850.0,30,0.19589257503949442,CLOSED
842,012450,한화에어로스페이스,2025-06-30,848000.0,2025-07-31,996000.0,31,0.17452830188679247,CLOSED
843,017800,현대엘리베이터,2025-06-30,86000.0,2025-07-31,85300.0,31,-0.008139534883720878,CLOSED
844,035420,NAVER,2025-06-30,262500.0,2025-07-31,235000.0,31,-0.10476190476190472,CLOSED
845,112610,씨에스윈드,2025-06-30,46900.0,2025-07-31,46100.0,31,-0.017057569296375252,CLOSED
846,329180,HD현대중공업,2025-06-30,428500.0,2025-07-31,490500.0,31,0.14469078179696626,CLOSED
847,000240,한국앤컴퍼니,2025-07-31,24150.0,2025-08-29,24400.0,29,0.010351966873705987,CLOSED
848,000720,현대건설,2025-06-30,78500.0,2025-08-29,62100.0,60,-0.20891719745222925,CLOSED
849,001440,대한전선,2025-06-30,17240.0,2025-08-29,15670.0,60,-0.0910672853828306,CLOSED
850,001720,신영증권,2025-06-30,121000.0,2025-08-29,149000.0,60,0.23140495867768585,CLOSED
851,003230,삼양식품,2025-06-30,1395000.0,2025-08-29,1566000.0,60,0.1225806451612903,CLOSED
852,003570,SNT다이내믹스,2025-06-30,51600.0,2025-08-29,62500.0,60,0.2112403100775193,CLOSED
853,005930,삼성전자,2025-07-31,71400.0,2025-08-29,69700.0,29,-0.023809523809523836,CLOSED
854,006260,LS,2025-06-30,197000.0,2025-08-29,177600.0,60,-0.09847715736040608,CLOSED
855,007660,이수페타시스,2025-06-30,52300.0,2025-08-29,66600.0,60,0.2734225621414914,CLOSED
856,009540,HD한국조선해양,2025-06-30,366000.0,2025-08-29,406500.0,60,0.11065573770491799,CLOSED
857,017960,한국카본,2025-06-30,26000.0,2025-08-29,32900.0,60,0.26538461538461533,CLOSED
858,023590,다우기술,2025-06-30,34250.0,2025-08-29,34150.0,60,-0.0029197080291970545,CLOSED
859,028260,삼성물산,2025-06-30,161400.0,2025-08-29,167800.0,60,0.039653035935563796,CLOSED
860,032350,롯데관광개발,2025-06-30,17740.0,2025-08-29,15970.0,60,-0.0997745208568207,CLOSED
861,052690,한전기술,2025-07-31,92300.0,2025-08-29,92400.0,29,0.0010834236186347823,CLOSED
862,064260,다날,2025-06-30,5660.0,2025-08-29,7880.0,60,0.3922261484098939,CLOSED
863,064350,현대로템,2025-06-30,196500.0,2025-08-29,192100.0,60,-0.0223918575063613,CLOSED
864,071970,HD현대마린엔진,2025-06-30,50300.0,2025-08-29,92000.0,60,0.8290258449304175,CLOSED
865,079550,LIG넥스원,2025-06-30,540000.0,2025-08-29,489500.0,60,-0.09351851851851856,CLOSED
866,084370,유진테크,2025-07-31,44750.0,2025-08-29,47950.0,29,0.07150837988826808,CLOSED
867,103590,일진전기,2025-06-30,41200.0,2025-08-29,36250.0,60,-0.12014563106796117,CLOSED
868,161890,한국콜마,2025-06-30,99800.0,2025-08-29,77800.0,60,-0.22044088176352705,CLOSED
869,180640,한진칼,2025-06-30,118200.0,2025-08-29,111800.0,60,-0.05414551607445006,CLOSED
870,192820,코스맥스,2025-06-30,279500.0,2025-08-29,216500.0,60,-0.22540250447227195,CLOSED
871,267250,HD현대,2025-07-31,142600.0,2025-08-29,137100.0,29,-0.03856942496493687,CLOSED
872,267260,HD현대일렉트릭,2025-06-30,507000.0,2025-08-29,492500.0,60,-0.02859960552268248,CLOSED
873,272210,한화시스템,2025-06-30,58000.0,2025-08-29,50900.0,60,-0.12241379310344824,CLOSED
874,278470,에이피알,2025-06-30,154200.0,2025-08-29,227000.0,60,0.4721141374837874,CLOSED
875,298040,효성중공업,2025-06-30,891000.0,2025-08-29,1240000.0,60,0.39169472502805847,CLOSED
876,307950,현대오토에버,2025-06-30,170600.0,2025-08-29,175600.0,60,0.029308323563892236,CLOSED
877,000100,유한양행,2025-09-30,119100.0,2025-10-31,118000.0,31,-0.009235936188077276,CLOSED
878,000240,한국앤컴퍼니,2025-09-30,23000.0,2025-10-31,23550.0,31,0.023913043478260843,CLOSED
879,001040,CJ,2025-09-30,183500.0,2025-10-31,170700.0,31,-0.0697547683923706,CLOSED
880,001720,신영증권,2025-09-30,132400.0,2025-10-31,144900.0,31,0.09441087613293053,CLOSED
881,003230,삼양식품,2025-09-30,1529000.0,2025-10-31,1348000.0,31,-0.11837802485284499,CLOSED
882,003570,SNT다이내믹스,2025-09-30,72300.0,2025-10-31,53900.0,31,-0.2544951590594744,CLOSED
883,010060,OCI홀딩스,2025-09-30,88400.0,2025-10-31,114200.0,31,0.2918552036199096,CLOSED
884,012450,한화에어로스페이스,2025-09-30,1107000.0,2025-10-31,979000.0,31,-0.11562782294489615,CLOSED
885,012510,더존비즈온,2025-09-30,88900.0,2025-10-31,89100.0,31,0.0022497187851517886,CLOSED
886,064260,다날,2025-09-30,9900.0,2025-10-31,8060.0,31,-0.18585858585858583,CLOSED
887,326030,SK바이오팜,2025-09-30,101400.0,2025-10-31,115500.0,31,0.13905325443786976,CLOSED
888,002380,KCC,2025-09-30,384000.0,2025-11-28,417000.0,59,0.0859375,CLOSED
889,006260,LS,2025-10-31,209000.0,2025-11-28,178900.0,28,-0.14401913875598082,CLOSED
890,011790,SKC,2025-10-31,127700.0,2025-11-28,111200.0,28,-0.12920908379013307,CLOSED
891,017960,한국카본,2025-09-30,32700.0,2025-11-28,27300.0,59,-0.1651376146788991,CLOSED
892,034220,LG디스플레이,2025-09-30,14410.0,2025-11-28,12540.0,59,-0.1297709923664122,CLOSED
893,042660,한화오션,2025-09-30,110300.0,2025-11-28,107800.0,59,-0.022665457842248382,CLOSED
894,071970,HD현대마린엔진,2025-09-30,82900.0,2025-11-28,77500.0,59,-0.06513872135102539,CLOSED
895,086280,현대글로비스,2025-09-30,165400.0,2025-11-28,164400.0,59,-0.006045949214026569,CLOSED
896,278470,에이피알,2025-09-30,250000.0,2025-11-28,255500.0,59,0.02200000000000002,CLOSED
897,329180,HD현대중공업,2025-09-30,515000.0,2025-11-28,535000.0,59,0.03883495145631066,CLOSED
898,005850,에스엘,2025-11-28,41400.0,2025-12-30,42850.0,32,0.035024154589371914,CLOSED
899,009540,HD한국조선해양,2025-09-30,411000.0,2025-12-30,407000.0,91,-0.009732360097323589,CLOSED
900,010140,삼성중공업,2025-09-30,21900.0,2025-12-30,24100.0,91,0.10045662100456632,CLOSED
901,012510,더존비즈온,2025-11-28,93200.0,2025-12-30,85600.0,32,-0.08154506437768239,CLOSED
902,071050,한국금융지주,2025-10-31,182300.0,2025-12-30,161700.0,60,-0.11300054854635222,CLOSED
903,084370,유진테크,2025-09-30,69900.0,2025-12-30,75000.0,91,0.07296137339055786,CLOSED
904,131290,티에스이,2025-10-31,51900.0,2025-12-30,57600.0,60,0.10982658959537561,CLOSED
905,000240,한국앤컴퍼니,2025-11-28,29850.0,2026-01-30,26950.0,63,-0.09715242881072028,CLOSED
906,002380,KCC,2025-12-30,420500.0,2026-01-30,489000.0,31,0.16290130796670632,CLOSED
907,006260,LS,2025-12-30,199900.0,2026-01-30,229000.0,31,0.1455727863931966,CLOSED
908,007660,이수페타시스,2025-09-30,71300.0,2026-01-30,117500.0,122,0.6479663394109396,CLOSED
909,009150,삼성전기,2025-09-30,193500.0,2026-01-30,279000.0,122,0.44186046511627897,CLOSED
910,010060,OCI홀딩스,2025-12-30,115200.0,2026-01-30,115400.0,31,0.0017361111111111605,CLOSED
911,011780,금호석유화학,2025-12-30,120700.0,2026-01-30,144100.0,31,0.19386909693454846,CLOSED
912,069620,대웅제약,2025-11-28,176300.0,2026-01-30,168900.0,63,-0.041973908111174185,CLOSED
913,103590,일진전기,2025-10-31,57600.0,2026-01-30,67000.0,91,0.16319444444444442,CLOSED
914,180640,한진칼,2025-12-30,124000.0,2026-01-30,112900.0,31,-0.08951612903225803,CLOSED
915,267250,HD현대,2025-09-30,155400.0,2026-01-30,234000.0,122,0.5057915057915059,CLOSED
916,267260,HD현대일렉트릭,2025-09-30,582000.0,2026-01-30,889000.0,122,0.5274914089347078,CLOSED
917,298040,효성중공업,2025-09-30,1340000.0,2026-01-30,2603000.0,122,0.9425373134328359,CLOSED
918,326030,SK바이오팜,2025-11-28,139800.0,2026-01-30,118000.0,63,-0.15593705293276106,CLOSED
919,000270,기아,2025-12-30,121800.0,2026-02-06,152700.0,38,0.25369458128078826,CLOSED
920,000660,SK하이닉스,2025-09-30,347500.0,2026-02-06,840000.0,129,1.4172661870503598,CLOSED
921,000720,현대건설,2026-01-30,102600.0,2026-02-06,106600.0,7,0.03898635477582846,CLOSED
922,001440,대한전선,2025-10-31,24200.0,2026-02-06,30050.0,98,0.24173553719008267,CLOSED
923,004170,신세계,2026-01-30,319500.0,2026-02-06,329000.0,7,0.029733959311424085,CLOSED
924,005380,현대차,2025-10-31,290000.0,2026-02-06,469500.0,98,0.6189655172413793,CLOSED
925,005850,에스엘,2026-01-30,55300.0,2026-02-06,51800.0,7,-0.06329113924050633,CLOSED
926,005930,삼성전자,2025-09-30,83900.0,2026-02-06,158900.0,129,0.8939213349225268,CLOSED
927,006800,미래에셋증권,2025-10-31,26300.0,2026-02-06,48350.0,98,0.838403041825095,CLOSED
928,010120,LS ELECTRIC,2025-10-31,435000.0,2026-02-06,590000.0,98,0.35632183908045967,CLOSED
929,010130,고려아연,2025-09-30,921000.0,2026-02-06,1635000.0,129,0.775244299674267,CLOSED
930,012330,현대모비스,2026-01-30,449000.0,2026-02-06,420000.0,7,-0.06458797327394206,CLOSED
931,012450,한화에어로스페이스,2026-01-30,1300000.0,2026-02-06,1181000.0,7,-0.09153846153846157,CLOSED
932,015760,한국전력,2025-11-28,52500.0,2026-02-06,61000.0,70,0.161904761904762,CLOSED
933,017670,SK텔레콤,2026-01-30,72500.0,2026-02-06,69900.0,7,-0.035862068965517246,CLOSED
934,020150,롯데에너지머티리얼즈,2025-11-28,39100.0,2026-02-06,47300.0,70,0.2097186700767264,CLOSED
935,023590,다우기술,2026-01-30,53200.0,2026-02-06,45950.0,7,-0.13627819548872178,CLOSED
936,032350,롯데관광개발,2025-12-30,23250.0,2026-02-06,26100.0,38,0.1225806451612903,CLOSED
937,039490,키움증권,2026-01-30,443500.0,2026-02-06,415500.0,7,-0.06313416009019168,CLOSED
938,042700,한미반도체,2025-10-31,143700.0,2026-02-06,198500.0,98,0.3813500347947112,CLOSED
939,056190,에스에프에이,2026-01-30,33800.0,2026-02-06,30950.0,7,-0.08431952662721898,CLOSED
940,065350,신성델타테크,2026-01-30,79700.0,2026-02-06,72100.0,7,-0.09535759096612295,CLOSED
941,073240,금호타이어,2025-11-28,5860.0,2026-02-06,6150.0,70,0.04948805460750849,CLOSED
942,086280,현대글로비스,2026-01-30,242000.0,2026-02-06,237500.0,7,-0.018595041322314043,CLOSED
943,131290,티에스이,2026-01-30,78300.0,2026-02-06,91900.0,7,0.17369093231162203,CLOSED
944,161390,한국타이어앤테크놀로지,2025-11-28,61500.0,2026-02-06,68100.0,70,0.1073170731707318,CLOSED
945,204320,HL만도,2025-11-28,46600.0,2026-02-06,57600.0,70,0.23605150214592285,CLOSED
946,272210,한화시스템,2026-01-30,94200.0,2026-02-06,105100.0,7,0.1157112526539279,CLOSED
947,298020,효성티앤씨,2026-01-30,377500.0,2026-02-06,389000.0,7,0.030463576158940464,CLOSED
948,307950,현대오토에버,2025-10-31,203500.0,2026-02-06,395000.0,98,0.941031941031941,CLOSED
